<?xml version='1.0' encoding='UTF-8' standalone='yes'?>
<addon id="repository.homik" name="homik repo" version="1.0" provider-name="homik">
  <requires>
    <import addon="xbmc.addon" version="12.0.0"/>
  </requires>
  <extension point="xbmc.addon.repository" name="homik repo">
    <info compressed="true">http://homik.github.io//Plugins/addons.xml</info>
    <checksum>http://homik.github.io//Plugins/addons.xml.md5</checksum>
    <datadir zip="true">http://homik.github.io//Plugins</datadir>
    <hashes>true</hashes>
  </extension>
  <extension point="xbmc.addon.metadata">
    <summary>homik kodi addons repository</summary>
    <description>homik's kodi addons repository</description>
    <platform>all</platform>
  </extension>
</addon>
